<?xml version="1.0" encoding="UTF-8"?>
<GenRun Id="impl_1" LaunchPart="xc7a35tcpg236-1" LaunchTime="1614683764">
  <File Type="ROUTE-PWR" Name="spi_main_power_routed.rpt"/>
  <File Type="PA-TCL" Name="spi_main.tcl"/>
  <File Type="ROUTE-PWR-SUM" Name="spi_main_power_summary_routed.pb"/>
  <File Type="REPORTS-TCL" Name="spi_main_reports.tcl"/>
  <File Type="BITSTR-MSK" Name="spi_main.msk"/>
  <File Type="ROUTE-CLK" Name="spi_main_clock_utilization_routed.rpt"/>
  <File Type="RDI-RDI" Name="spi_main.vdi"/>
  <File Type="BG-BIT" Name="spi_main.bit"/>
  <File Type="BG-DRC" Name="spi_main.drc"/>
  <File Type="BG-BGN" Name="spi_main.bgn"/>
  <File Type="BG-BIN" Name="spi_main.bin"/>
  <File Type="BITSTR-RBT" Name="spi_main.rbt"/>
  <File Type="BITSTR-NKY" Name="spi_main.nky"/>
  <File Type="BITSTR-BMM" Name="spi_main_bd.bmm"/>
  <File Type="ROUTE-METHODOLOGY-DRC" Name="spi_main_methodology_drc_routed.rpt"/>
  <File Type="BITSTR-MMI" Name="spi_main.mmi"/>
  <File Type="BITSTR-SYSDEF" Name="spi_main.sysdef"/>
  <File Type="BITSTR-LTX" Name="debug_nets.ltx"/>
  <File Type="BITSTR-LTX" Name="spi_main.ltx"/>
  <File Type="WBT-USG" Name="usage_statistics_webtalk.html"/>
  <File Type="OPT-DRC" Name="spi_main_drc_opted.rpt"/>
  <File Type="OPT-HWDEF" Name="spi_main.hwdef"/>
  <File Type="PLACE-IO" Name="spi_main_io_placed.rpt"/>
  <File Type="PLACE-UTIL" Name="spi_main_utilization_placed.rpt"/>
  <File Type="PLACE-UTIL-PB" Name="spi_main_utilization_placed.pb"/>
  <File Type="PLACE-CTRL" Name="spi_main_control_sets_placed.rpt"/>
  <File Type="PLACE-PRE-SIMILARITY" Name="spi_main_incremental_reuse_pre_placed.rpt"/>
  <File Type="ROUTE-DRC" Name="spi_main_drc_routed.rpt"/>
  <File Type="ROUTE-DRC-PB" Name="spi_main_drc_routed.pb"/>
  <File Type="ROUTE-PWR-RPX" Name="spi_main_power_routed.rpx"/>
  <File Type="ROUTE-STATUS" Name="spi_main_route_status.rpt"/>
  <File Type="ROUTE-STATUS-PB" Name="spi_main_route_status.pb"/>
  <File Type="ROUTE-DCP" Name="spi_main_routed.dcp"/>
  <File Type="ROUTE-ERROR-DCP" Name="spi_main_routed_error.dcp"/>
  <File Type="ROUTE-BLACKBOX-DCP" Name="spi_main_routed_bb.dcp"/>
  <File Type="ROUTE-TIMINGSUMMARY" Name="spi_main_timing_summary_routed.rpt"/>
  <File Type="ROUTE-TIMING-PB" Name="spi_main_timing_summary_routed.pb"/>
  <File Type="ROUTE-TIMING-RPX" Name="spi_main_timing_summary_routed.rpx"/>
  <File Type="ROUTE-BUS-SKEW" Name="spi_main_bus_skew_routed.rpt"/>
  <File Type="ROUTE-BUS-SKEW-PB" Name="spi_main_bus_skew_routed.pb"/>
  <File Type="ROUTE-BUS-SKEW-RPX" Name="spi_main_bus_skew_routed.rpx"/>
  <File Type="OPT-DCP" Name="spi_main_opt.dcp"/>
  <File Type="PLACE-DCP" Name="spi_main_placed.dcp"/>
  <File Type="PWROPT-DCP" Name="spi_main_pwropt.dcp"/>
  <File Type="POSTPLACE-PWROPT-DCP" Name="spi_main_postplace_pwropt.dcp"/>
  <File Type="PHYSOPT-DCP" Name="spi_main_physopt.dcp"/>
  <File Type="POSTROUTE-PHYSOPT-DCP" Name="spi_main_postroute_physopt.dcp"/>
  <File Type="POSTROUTE-PHYSOPT-BLACKBOX-DCP" Name="spi_main_postroute_physopt_bb.dcp"/>
  <File Type="ROUTE-METHODOLOGY-DRC-PB" Name="spi_main_methodology_drc_routed.pb"/>
  <File Type="ROUTE-DRC-RPX" Name="spi_main_drc_routed.rpx"/>
  <File Type="ROUTE-METHODOLOGY-DRC-RPX" Name="spi_main_methodology_drc_routed.rpx"/>
  <File Type="PDI-FILE" Name="spi_main.pdi"/>
  <File Type="RCFI_FILE" Name="spi_main.rcfi"/>
  <File Type="CFI_FILE" Name="spi_main.cfi"/>
  <File Type="RNPI_FILE" Name="spi_main.rnpi"/>
  <File Type="NPI_FILE" Name="spi_main.npi"/>
  <File Type="RBD_FILE" Name="spi_main.rbd"/>
  <FileSet Name="sources" Type="DesignSrcs" RelSrcDir="$PSRCDIR/sources_1">
    <Filter Type="Srcs"/>
    <File Path="$PSRCDIR/sources_1/new/debouncer.vhd">
      <FileInfo>
        <Attr Name="UsedIn" Val="synthesis"/>
        <Attr Name="UsedIn" Val="simulation"/>
      </FileInfo>
    </File>
    <File Path="$PSRCDIR/sources_1/new/sig_synch.vhd">
      <FileInfo>
        <Attr Name="UsedIn" Val="synthesis"/>
        <Attr Name="UsedIn" Val="simulation"/>
      </FileInfo>
    </File>
    <File Path="$PSRCDIR/sources_1/new/spi_main.vhd">
      <FileInfo>
        <Attr Name="UsedIn" Val="synthesis"/>
        <Attr Name="UsedIn" Val="simulation"/>
      </FileInfo>
    </File>
    <Config>
      <Option Name="DesignMode" Val="RTL"/>
      <Option Name="TopModule" Val="spi_main"/>
      <Option Name="TopAutoSet" Val="TRUE"/>
    </Config>
  </FileSet>
  <FileSet Name="constrs_in" Type="Constrs" RelSrcDir="$PSRCDIR/constrs_1">
    <Filter Type="Constrs"/>
    <File Path="$PSRCDIR/constrs_1/new/spi_constr.xdc">
      <FileInfo>
        <Attr Name="UsedIn" Val="synthesis"/>
        <Attr Name="UsedIn" Val="implementation"/>
      </FileInfo>
    </File>
    <Config>
      <Option Name="TargetConstrsFile" Val="$PSRCDIR/constrs_1/new/spi_constr.xdc"/>
      <Option Name="ConstrsType" Val="XDC"/>
    </Config>
  </FileSet>
  <FileSet Name="utils" Type="Utils" RelSrcDir="$PSRCDIR/utils_1">
    <Filter Type="Utils"/>
    <Config>
      <Option Name="TopAutoSet" Val="TRUE"/>
    </Config>
  </FileSet>
  <Strategy Version="1" Minor="2">
    <StratHandle Name="Vivado Implementation Defaults" Flow="Vivado Implementation 2020"/>
    <Step Id="init_design"/>
    <Step Id="opt_design"/>
    <Step Id="power_opt_design"/>
    <Step Id="place_design"/>
    <Step Id="post_place_power_opt_design"/>
    <Step Id="phys_opt_design"/>
    <Step Id="route_design"/>
    <Step Id="post_route_phys_opt_design"/>
    <Step Id="write_bitstream"/>
    <Step Id="write_device_image"/>
  </Strategy>
</GenRun>
